date,price_cny_per_kg,source_date,source_url,method,note
2024/1/1,273,2024/1/4,https://www.ctia.net.cn/news/tungsten/1711.html,carry_forward,earliest public 2024-01 quote found; carried back to 2024-01-01
2024/1/2,273,2024/1/4,https://www.ctia.net.cn/news/tungsten/1711.html,carry_forward,earliest public 2024-01 quote found; carried back to 2024-01-01
2024/1/3,273,2024/1/4,https://www.ctia.net.cn/news/tungsten/1711.html,carry_forward,earliest public 2024-01 quote found; carried back to 2024-01-01
2024/1/4,273,2024/1/4,https://www.ctia.net.cn/news/tungsten/1711.html,reported,earliest public 2024-01 quote found; carried back to 2024-01-01
2024/1/5,273,2024/1/4,https://www.ctia.net.cn/news/tungsten/1711.html,carry_forward,earliest public 2024-01 quote found; carried back to 2024-01-01
2024/1/6,273,2024/1/4,https://www.ctia.net.cn/news/tungsten/1711.html,carry_forward,earliest public 2024-01 quote found; carried back to 2024-01-01
2024/1/8,273,2024/1/4,https://www.ctia.net.cn/news/tungsten/1711.html,carry_forward,earliest public 2024-01 quote found; carried back to 2024-01-01
2024/1/9,273,2024/1/4,https://www.ctia.net.cn/news/tungsten/1711.html,carry_forward,earliest public 2024-01 quote found; carried back to 2024-01-01
2024/1/10,273,2024/1/4,https://www.ctia.net.cn/news/tungsten/1711.html,carry_forward,earliest public 2024-01 quote found; carried back to 2024-01-01
2024/1/11,273,2024/1/4,https://www.ctia.net.cn/news/tungsten/1711.html,carry_forward,earliest public 2024-01 quote found; carried back to 2024-01-01
2024/1/12,273,2024/1/4,https://www.ctia.net.cn/news/tungsten/1711.html,carry_forward,earliest public 2024-01 quote found; carried back to 2024-01-01
2024/1/13,273,2024/1/4,https://www.ctia.net.cn/news/tungsten/1711.html,carry_forward,earliest public 2024-01 quote found; carried back to 2024-01-01
2024/1/15,273,2024/1/15,https://www.ctia.com.cn/news/102715.html,reported,
2024/1/16,273,2024/1/15,https://www.ctia.com.cn/news/102715.html,carry_forward,
2024/1/17,273,2024/1/15,https://www.ctia.com.cn/news/102715.html,carry_forward,
2024/1/18,273,2024/1/15,https://www.ctia.com.cn/news/102715.html,carry_forward,
2024/1/19,273,2024/1/15,https://www.ctia.com.cn/news/102715.html,carry_forward,
2024/1/20,273,2024/1/15,https://www.ctia.com.cn/news/102715.html,carry_forward,
2024/1/22,273,2024/1/15,https://www.ctia.com.cn/news/102715.html,carry_forward,
2024/1/23,273,2024/1/15,https://www.ctia.com.cn/news/102715.html,carry_forward,
2024/1/24,273,2024/1/15,https://www.ctia.com.cn/news/102715.html,carry_forward,
2024/1/25,273,2024/1/15,https://www.ctia.com.cn/news/102715.html,carry_forward,
2024/1/26,273,2024/1/15,https://www.ctia.com.cn/news/102715.html,carry_forward,
2024/1/27,273,2024/1/15,https://www.ctia.com.cn/news/102715.html,carry_forward,
2024/1/29,273,2024/1/29,https://www.ctia.com.cn/news/103109.html,reported,
2024/1/30,273,2024/1/29,https://www.ctia.com.cn/news/103109.html,carry_forward,
2024/1/31,273,2024/1/29,https://www.ctia.com.cn/news/103109.html,carry_forward,
2024/2/1,273,2024/1/29,https://www.ctia.com.cn/news/103109.html,carry_forward,
2024/2/2,273,2024/1/29,https://www.ctia.com.cn/news/103109.html,carry_forward,
2024/2/3,273,2024/1/29,https://www.ctia.com.cn/news/103109.html,carry_forward,
2024/2/5,273,2024/1/29,https://www.ctia.com.cn/news/103109.html,carry_forward,
2024/2/6,273,2024/1/29,https://www.ctia.com.cn/news/103109.html,carry_forward,
2024/2/7,273,2024/1/29,https://www.ctia.com.cn/news/103109.html,carry_forward,
2024/2/8,273,2024/1/29,https://www.ctia.com.cn/news/103109.html,carry_forward,
2024/2/9,273,2024/1/29,https://www.ctia.com.cn/news/103109.html,carry_forward,
2024/2/10,273,2024/1/29,https://www.ctia.com.cn/news/103109.html,carry_forward,
2024/2/12,273,2024/1/29,https://www.ctia.com.cn/news/103109.html,carry_forward,
2024/2/13,273,2024/1/29,https://www.ctia.com.cn/news/103109.html,carry_forward,
2024/2/14,273,2024/1/29,https://www.ctia.com.cn/news/103109.html,carry_forward,
2024/2/15,273,2024/1/29,https://www.ctia.com.cn/news/103109.html,carry_forward,
2024/2/16,273,2024/1/29,https://www.ctia.com.cn/news/103109.html,carry_forward,
2024/2/17,273,2024/1/29,https://www.ctia.com.cn/news/103109.html,carry_forward,
2024/2/19,275,2024/2/18,https://ctia.net.cn/news/tungsten/1720.html,carry_forward,
2024/2/20,275,2024/2/18,https://ctia.net.cn/news/tungsten/1720.html,carry_forward,
2024/2/21,275,2024/2/18,https://ctia.net.cn/news/tungsten/1720.html,carry_forward,
2024/2/22,275,2024/2/18,https://ctia.net.cn/news/tungsten/1720.html,carry_forward,
2024/2/23,275,2024/2/18,https://ctia.net.cn/news/tungsten/1720.html,carry_forward,
2024/2/24,275,2024/2/18,https://ctia.net.cn/news/tungsten/1720.html,carry_forward,
2024/2/26,276,2024/2/26,https://www.ctia.com.cn/news/103651.html,reported,
2024/2/27,276,2024/2/26,https://www.ctia.com.cn/news/103651.html,carry_forward,
2024/2/28,276,2024/2/26,https://www.ctia.com.cn/news/103651.html,carry_forward,
2024/2/29,276,2024/2/26,https://www.ctia.com.cn/news/103651.html,carry_forward,
2024/3/1,276,2024/2/26,https://www.ctia.com.cn/news/103651.html,carry_forward,
2024/3/2,276,2024/2/26,https://www.ctia.com.cn/news/103651.html,carry_forward,
2024/3/4,278,2024/3/4,https://www.ctia.com.cn/news/103871.html,reported,
2024/3/5,278,2024/3/4,https://www.ctia.com.cn/news/103871.html,carry_forward,
2024/3/6,278,2024/3/4,https://www.ctia.com.cn/news/103871.html,carry_forward,
2024/3/7,279,2024/3/7,https://www.ctia.com.cn/news/104056.html,reported,
2024/3/8,279,2024/3/7,https://www.ctia.com.cn/news/104056.html,carry_forward,
2024/3/9,279,2024/3/7,https://www.ctia.com.cn/news/104056.html,carry_forward,
2024/3/11,280,2024/3/11,https://www.ctia.com.cn/news/104081.html,reported,
2024/3/12,280,2024/3/11,https://www.ctia.com.cn/news/104081.html,carry_forward,
2024/3/13,280,2024/3/11,https://www.ctia.com.cn/news/104081.html,carry_forward,
2024/3/14,280,2024/3/11,https://www.ctia.com.cn/news/104081.html,carry_forward,
2024/3/15,280,2024/3/11,https://www.ctia.com.cn/news/104081.html,carry_forward,
2024/3/16,280,2024/3/11,https://www.ctia.com.cn/news/104081.html,carry_forward,
2024/3/18,280,2024/3/18,https://www.ctia.com.cn/news/104311.html,reported,
2024/3/19,280,2024/3/18,https://www.ctia.com.cn/news/104311.html,carry_forward,
2024/3/20,280,2024/3/18,https://www.ctia.com.cn/news/104311.html,carry_forward,
2024/3/21,280,2024/3/18,https://www.ctia.com.cn/news/104311.html,carry_forward,
2024/3/22,280,2024/3/18,https://www.ctia.com.cn/news/104311.html,carry_forward,
2024/3/23,280,2024/3/18,https://www.ctia.com.cn/news/104311.html,carry_forward,
2024/3/25,280,2024/3/18,https://www.ctia.com.cn/news/104311.html,carry_forward,
2024/3/26,280,2024/3/18,https://www.ctia.com.cn/news/104311.html,carry_forward,
2024/3/27,281,2024/3/27,https://www.ctia.com.cn/news/104630.html,reported,
2024/3/28,281,2024/3/28,https://www.ctia.com.cn/news/104728.html,reported,
2024/3/29,281,2024/3/28,https://www.ctia.com.cn/news/104728.html,carry_forward,
2024/3/30,281,2024/3/28,https://www.ctia.com.cn/news/104728.html,carry_forward,
2024/4/1,281,2024/3/28,https://www.ctia.com.cn/news/104728.html,carry_forward,
2024/4/2,283,2024/4/2,https://www.ctia.com.cn/news/104846.html,reported,
2024/4/3,283,2024/4/3,https://www.ctia.com.cn/news/104904.html,reported,
2024/4/4,283,2024/4/3,https://www.ctia.com.cn/news/104904.html,carry_forward,
2024/4/5,283,2024/4/3,https://www.ctia.com.cn/news/104904.html,carry_forward,
2024/4/6,283,2024/4/3,https://www.ctia.com.cn/news/104904.html,carry_forward,
2024/4/8,285,2024/4/8,https://www.ctia.com.cn/news/105059.html,reported,
2024/4/9,285,2024/4/8,https://www.ctia.com.cn/news/105059.html,carry_forward,
2024/4/10,286,2024/4/10,https://www.ctia.com.cn/news/105135.html,reported,
2024/4/11,286,2024/4/10,https://www.ctia.com.cn/news/105135.html,carry_forward,
2024/4/12,286,2024/4/10,https://www.ctia.com.cn/news/105135.html,carry_forward,
2024/4/13,286,2024/4/10,https://www.ctia.com.cn/news/105135.html,carry_forward,
2024/4/15,286,2024/4/10,https://www.ctia.com.cn/news/105135.html,carry_forward,
2024/4/16,286,2024/4/10,https://www.ctia.com.cn/news/105135.html,carry_forward,
2024/4/17,286,2024/4/10,https://www.ctia.com.cn/news/105135.html,carry_forward,
2024/4/18,286,2024/4/10,https://www.ctia.com.cn/news/105135.html,carry_forward,
2024/4/19,286,2024/4/10,https://www.ctia.com.cn/news/105135.html,carry_forward,
2024/4/20,286,2024/4/10,https://www.ctia.com.cn/news/105135.html,carry_forward,
2024/4/22,286,2024/4/10,https://www.ctia.com.cn/news/105135.html,carry_forward,
2024/4/23,286,2024/4/10,https://www.ctia.com.cn/news/105135.html,carry_forward,
2024/4/24,300,2024/4/24,https://www.ctia.com.cn/news/105490.html,reported,30 wan CNY/tonne normalized
2024/4/25,300,2024/4/24,https://www.ctia.com.cn/news/105490.html,carry_forward,30 wan CNY/tonne normalized
2024/4/26,300,2024/4/24,https://www.ctia.com.cn/news/105490.html,carry_forward,30 wan CNY/tonne normalized
2024/4/27,300,2024/4/24,https://www.ctia.com.cn/news/105490.html,carry_forward,30 wan CNY/tonne normalized
2024/4/29,300,2024/4/24,https://www.ctia.com.cn/news/105490.html,carry_forward,30 wan CNY/tonne normalized
2024/4/30,300,2024/4/24,https://www.ctia.com.cn/news/105490.html,carry_forward,30 wan CNY/tonne normalized
2024/5/1,300,2024/4/24,https://www.ctia.com.cn/news/105490.html,carry_forward,30 wan CNY/tonne normalized
2024/5/2,300,2024/4/24,https://www.ctia.com.cn/news/105490.html,carry_forward,30 wan CNY/tonne normalized
2024/5/3,300,2024/4/24,https://www.ctia.com.cn/news/105490.html,carry_forward,30 wan CNY/tonne normalized
2024/5/4,300,2024/4/24,https://www.ctia.com.cn/news/105490.html,carry_forward,30 wan CNY/tonne normalized
2024/5/6,311,2024/5/6,https://www.ctia.com.cn/news/105684.html,reported,
2024/5/7,311,2024/5/6,https://www.ctia.com.cn/news/105684.html,carry_forward,
2024/5/8,311,2024/5/6,https://www.ctia.com.cn/news/105684.html,carry_forward,
2024/5/9,311,2024/5/6,https://www.ctia.com.cn/news/105684.html,carry_forward,
2024/5/10,311,2024/5/6,https://www.ctia.com.cn/news/105684.html,carry_forward,
2024/5/11,311,2024/5/6,https://www.ctia.com.cn/news/105684.html,carry_forward,
2024/5/13,311,2024/5/6,https://www.ctia.com.cn/news/105684.html,carry_forward,
2024/5/14,311,2024/5/6,https://www.ctia.com.cn/news/105684.html,carry_forward,
2024/5/15,338,2024/5/15,https://www.ctia.com.cn/news/106056.html,reported,33.8 wan CNY/tonne normalized
2024/5/16,338,2024/5/15,https://www.ctia.com.cn/news/106056.html,carry_forward,33.8 wan CNY/tonne normalized
2024/5/17,338,2024/5/15,https://www.ctia.com.cn/news/106056.html,carry_forward,33.8 wan CNY/tonne normalized
2024/5/18,338,2024/5/15,https://www.ctia.com.cn/news/106056.html,carry_forward,33.8 wan CNY/tonne normalized
2024/5/20,338,2024/5/15,https://www.ctia.com.cn/news/106056.html,carry_forward,33.8 wan CNY/tonne normalized
2024/5/21,338,2024/5/15,https://www.ctia.com.cn/news/106056.html,carry_forward,33.8 wan CNY/tonne normalized
2024/5/22,338,2024/5/15,https://www.ctia.com.cn/news/106056.html,carry_forward,33.8 wan CNY/tonne normalized
2024/5/23,338,2024/5/15,https://www.ctia.com.cn/news/106056.html,carry_forward,33.8 wan CNY/tonne normalized
2024/5/24,338,2024/5/15,https://www.ctia.com.cn/news/106056.html,carry_forward,33.8 wan CNY/tonne normalized
2024/5/25,338,2024/5/15,https://www.ctia.com.cn/news/106056.html,carry_forward,33.8 wan CNY/tonne normalized
2024/5/27,338,2024/5/15,https://www.ctia.com.cn/news/106056.html,carry_forward,33.8 wan CNY/tonne normalized
2024/5/28,340,2024/5/28,https://www.ctia.net.cn/news/tungsten/1793.html,reported,34 wan CNY/tonne normalized
2024/5/29,340,2024/5/29,https://www.ctia.com.cn/news/106456.html,reported,34 wan CNY/tonne normalized
2024/5/30,340,2024/5/29,https://www.ctia.com.cn/news/106456.html,carry_forward,34 wan CNY/tonne normalized
2024/5/31,340,2024/5/29,https://www.ctia.com.cn/news/106456.html,carry_forward,34 wan CNY/tonne normalized
2024/6/1,340,2024/5/29,https://www.ctia.com.cn/news/106456.html,carry_forward,34 wan CNY/tonne normalized
2024/6/3,340,2024/6/3,https://www.ctia.com.cn/news/106585.html,reported,34 wan CNY/tonne normalized
2024/6/4,340,2024/6/3,https://www.ctia.com.cn/news/106585.html,carry_forward,34 wan CNY/tonne normalized
2024/6/5,339,2024/6/5,https://www.ctia.com.cn/news/106677.html,reported,33.9 wan CNY/tonne normalized
2024/6/6,339,2024/6/5,https://www.ctia.com.cn/news/106677.html,carry_forward,33.9 wan CNY/tonne normalized
2024/6/7,339,2024/6/5,https://www.ctia.com.cn/news/106677.html,carry_forward,33.9 wan CNY/tonne normalized
2024/6/8,339,2024/6/5,https://www.ctia.com.cn/news/106677.html,carry_forward,33.9 wan CNY/tonne normalized
2024/6/10,339,2024/6/5,https://www.ctia.com.cn/news/106677.html,carry_forward,33.9 wan CNY/tonne normalized
2024/6/11,339,2024/6/5,https://www.ctia.com.cn/news/106677.html,carry_forward,33.9 wan CNY/tonne normalized
2024/6/12,338,2024/6/12,https://www.ctia.com.cn/news/106879.html,reported,33.8 wan CNY/tonne normalized
2024/6/13,338,2024/6/12,https://www.ctia.com.cn/news/106879.html,carry_forward,33.8 wan CNY/tonne normalized
2024/6/14,338,2024/6/12,https://www.ctia.com.cn/news/106879.html,carry_forward,33.8 wan CNY/tonne normalized
2024/6/15,338,2024/6/12,https://www.ctia.com.cn/news/106879.html,carry_forward,33.8 wan CNY/tonne normalized
2024/6/17,338,2024/6/12,https://www.ctia.com.cn/news/106879.html,carry_forward,33.8 wan CNY/tonne normalized
2024/6/18,338,2024/6/12,https://www.ctia.com.cn/news/106879.html,carry_forward,33.8 wan CNY/tonne normalized
2024/6/19,333,2024/6/19,https://www.ctia.com.cn/news/107045.html,reported,
2024/6/20,333,2024/6/19,https://www.ctia.com.cn/news/107045.html,carry_forward,
2024/6/21,333,2024/6/19,https://www.ctia.com.cn/news/107045.html,carry_forward,
2024/6/22,333,2024/6/19,https://www.ctia.com.cn/news/107045.html,carry_forward,
2024/6/24,333,2024/6/19,https://www.ctia.com.cn/news/107045.html,carry_forward,
2024/6/25,333,2024/6/19,https://www.ctia.com.cn/news/107045.html,carry_forward,
2024/6/26,333,2024/6/19,https://www.ctia.com.cn/news/107045.html,carry_forward,
2024/6/27,326,2024/6/27,https://www.ctia.com.cn/news/107382.html,reported,article unit typo normalized as 32.6 wan CNY/tonne
2024/6/28,326,2024/6/27,https://www.ctia.com.cn/news/107382.html,carry_forward,article unit typo normalized as 32.6 wan CNY/tonne
2024/6/29,326,2024/6/27,https://www.ctia.com.cn/news/107382.html,carry_forward,article unit typo normalized as 32.6 wan CNY/tonne
2024/7/1,323,2024/7/1,https://www.ctia.com.cn/news/107461.html,reported,32.3 wan CNY/tonne normalized
2024/7/2,323,2024/7/1,https://www.ctia.com.cn/news/107461.html,carry_forward,32.3 wan CNY/tonne normalized
2024/7/3,323,2024/7/1,https://www.ctia.com.cn/news/107461.html,carry_forward,32.3 wan CNY/tonne normalized
2024/7/4,317,2024/7/4,https://www.ctia.com.cn/news/107629.html,reported,31.7 wan CNY/tonne normalized
2024/7/5,317,2024/7/4,https://www.ctia.com.cn/news/107629.html,carry_forward,31.7 wan CNY/tonne normalized
2024/7/6,317,2024/7/4,https://www.ctia.com.cn/news/107629.html,carry_forward,31.7 wan CNY/tonne normalized
2024/7/8,317,2024/7/4,https://www.ctia.com.cn/news/107629.html,carry_forward,31.7 wan CNY/tonne normalized
2024/7/9,317,2024/7/4,https://www.ctia.com.cn/news/107629.html,carry_forward,31.7 wan CNY/tonne normalized
2024/7/10,312,2024/7/10,https://www.ctia.com.cn/news/107782.html,reported,31.2 wan CNY/tonne normalized
2024/7/11,312,2024/7/10,https://www.ctia.com.cn/news/107782.html,carry_forward,31.2 wan CNY/tonne normalized
2024/7/12,312,2024/7/10,https://www.ctia.com.cn/news/107782.html,carry_forward,31.2 wan CNY/tonne normalized
2024/7/13,312,2024/7/10,https://www.ctia.com.cn/news/107782.html,carry_forward,31.2 wan CNY/tonne normalized
2024/7/15,312,2024/7/10,https://www.ctia.com.cn/news/107782.html,carry_forward,31.2 wan CNY/tonne normalized
2024/7/16,312,2024/7/10,https://www.ctia.com.cn/news/107782.html,carry_forward,31.2 wan CNY/tonne normalized
2024/7/17,312,2024/7/10,https://www.ctia.com.cn/news/107782.html,carry_forward,31.2 wan CNY/tonne normalized
2024/7/18,312,2024/7/10,https://www.ctia.com.cn/news/107782.html,carry_forward,31.2 wan CNY/tonne normalized
2024/7/19,312,2024/7/10,https://www.ctia.com.cn/news/107782.html,carry_forward,31.2 wan CNY/tonne normalized
2024/7/20,312,2024/7/10,https://www.ctia.com.cn/news/107782.html,carry_forward,31.2 wan CNY/tonne normalized
2024/7/22,312,2024/7/10,https://www.ctia.com.cn/news/107782.html,carry_forward,31.2 wan CNY/tonne normalized
2024/7/23,304,2024/7/23,https://www.ctia.com.cn/news/108180.html,reported,
2024/7/24,304,2024/7/23,https://www.ctia.com.cn/news/108180.html,carry_forward,
2024/7/25,304,2024/7/23,https://www.ctia.com.cn/news/108180.html,carry_forward,
2024/7/26,304,2024/7/23,https://www.ctia.com.cn/news/108180.html,carry_forward,
2024/7/27,304,2024/7/23,https://www.ctia.com.cn/news/108180.html,carry_forward,
2024/7/29,304,2024/7/23,https://www.ctia.com.cn/news/108180.html,carry_forward,
2024/7/30,304,2024/7/23,https://www.ctia.com.cn/news/108180.html,carry_forward,
2024/7/31,304,2024/7/23,https://www.ctia.com.cn/news/108180.html,carry_forward,
2024/8/1,304,2024/7/23,https://www.ctia.com.cn/news/108180.html,carry_forward,
2024/8/2,304,2024/7/23,https://www.ctia.com.cn/news/108180.html,carry_forward,
2024/8/3,304,2024/7/23,https://www.ctia.com.cn/news/108180.html,carry_forward,
2024/8/5,304,2024/7/23,https://www.ctia.com.cn/news/108180.html,carry_forward,
2024/8/6,304,2024/7/23,https://www.ctia.com.cn/news/108180.html,carry_forward,
2024/8/7,304,2024/7/23,https://www.ctia.com.cn/news/108180.html,carry_forward,
2024/8/8,304,2024/7/23,https://www.ctia.com.cn/news/108180.html,carry_forward,
2024/8/9,304,2024/7/23,https://www.ctia.com.cn/news/108180.html,carry_forward,
2024/8/10,304,2024/7/23,https://www.ctia.com.cn/news/108180.html,carry_forward,
2024/8/12,304,2024/7/23,https://www.ctia.com.cn/news/108180.html,carry_forward,
2024/8/13,304,2024/7/23,https://www.ctia.com.cn/news/108180.html,carry_forward,
2024/8/14,304,2024/7/23,https://www.ctia.com.cn/news/108180.html,carry_forward,
2024/8/15,304,2024/7/23,https://www.ctia.com.cn/news/108180.html,carry_forward,
2024/8/16,304,2024/7/23,https://www.ctia.com.cn/news/108180.html,carry_forward,
2024/8/17,304,2024/7/23,https://www.ctia.com.cn/news/108180.html,carry_forward,
2024/8/19,304,2024/7/23,https://www.ctia.com.cn/news/108180.html,carry_forward,
2024/8/20,304,2024/7/23,https://www.ctia.com.cn/news/108180.html,carry_forward,
2024/8/21,307,2024/8/21,https://www.ctia.com.cn/news/109457.html,reported,
2024/8/22,307,2024/8/21,https://www.ctia.com.cn/news/109457.html,carry_forward,
2024/8/23,307,2024/8/21,https://www.ctia.com.cn/news/109457.html,carry_forward,
2024/8/24,307,2024/8/21,https://www.ctia.com.cn/news/109457.html,carry_forward,
2024/8/26,307,2024/8/21,https://www.ctia.com.cn/news/109457.html,carry_forward,
2024/8/27,307,2024/8/21,https://www.ctia.com.cn/news/109457.html,carry_forward,
2024/8/28,307,2024/8/21,https://www.ctia.com.cn/news/109457.html,carry_forward,
2024/8/29,307,2024/8/21,https://www.ctia.com.cn/news/109457.html,carry_forward,
2024/8/30,307,2024/8/21,https://www.ctia.com.cn/news/109457.html,carry_forward,
2024/8/31,307,2024/8/21,https://www.ctia.com.cn/news/109457.html,carry_forward,
2024/9/2,307,2024/8/21,https://www.ctia.com.cn/news/109457.html,carry_forward,
2024/9/3,307,2024/8/21,https://www.ctia.com.cn/news/109457.html,carry_forward,
2024/9/4,307,2024/8/21,https://www.ctia.com.cn/news/109457.html,carry_forward,
2024/9/5,307,2024/8/21,https://www.ctia.com.cn/news/109457.html,carry_forward,
2024/9/6,307,2024/8/21,https://www.ctia.com.cn/news/109457.html,carry_forward,
2024/9/7,307,2024/8/21,https://www.ctia.com.cn/news/109457.html,carry_forward,
2024/9/9,307,2024/8/21,https://www.ctia.com.cn/news/109457.html,carry_forward,
2024/9/10,307,2024/8/21,https://www.ctia.com.cn/news/109457.html,carry_forward,
2024/9/11,311,2024/9/11,https://www.ctia.com.cn/news/110441.html,reported,
2024/9/12,311,2024/9/11,https://www.ctia.com.cn/news/110441.html,carry_forward,
2024/9/13,311,2024/9/11,https://www.ctia.com.cn/news/110441.html,carry_forward,
2024/9/14,311,2024/9/11,https://www.ctia.com.cn/news/110441.html,carry_forward,
2024/9/16,311,2024/9/11,https://www.ctia.com.cn/news/110441.html,carry_forward,
2024/9/17,311,2024/9/11,https://www.ctia.com.cn/news/110441.html,carry_forward,
2024/9/18,311,2024/9/11,https://www.ctia.com.cn/news/110441.html,carry_forward,
2024/9/19,311,2024/9/11,https://www.ctia.com.cn/news/110441.html,carry_forward,
2024/9/20,311,2024/9/11,https://www.ctia.com.cn/news/110441.html,carry_forward,
2024/9/21,311,2024/9/11,https://www.ctia.com.cn/news/110441.html,carry_forward,
2024/9/23,311,2024/9/11,https://www.ctia.com.cn/news/110441.html,carry_forward,
2024/9/24,311,2024/9/11,https://www.ctia.com.cn/news/110441.html,carry_forward,
2024/9/25,311,2024/9/11,https://www.ctia.com.cn/news/110441.html,carry_forward,
2024/9/26,311,2024/9/11,https://www.ctia.com.cn/news/110441.html,carry_forward,
2024/9/27,311,2024/9/11,https://www.ctia.com.cn/news/110441.html,carry_forward,
2024/9/28,311,2024/9/11,https://www.ctia.com.cn/news/110441.html,carry_forward,
2024/9/30,311,2024/9/11,https://www.ctia.com.cn/news/110441.html,carry_forward,
2024/10/1,311,2024/9/11,https://www.ctia.com.cn/news/110441.html,carry_forward,
2024/10/2,311,2024/9/11,https://www.ctia.com.cn/news/110441.html,carry_forward,
2024/10/3,311,2024/9/11,https://www.ctia.com.cn/news/110441.html,carry_forward,
2024/10/4,311,2024/9/11,https://www.ctia.com.cn/news/110441.html,carry_forward,
2024/10/5,311,2024/9/11,https://www.ctia.com.cn/news/110441.html,carry_forward,
2024/10/7,311,2024/9/11,https://www.ctia.com.cn/news/110441.html,carry_forward,
2024/10/8,311,2024/9/11,https://www.ctia.com.cn/news/110441.html,carry_forward,
2024/10/9,311,2024/9/11,https://www.ctia.com.cn/news/110441.html,carry_forward,
2024/10/10,311,2024/9/11,https://www.ctia.com.cn/news/110441.html,carry_forward,
2024/10/11,311,2024/9/11,https://www.ctia.com.cn/news/110441.html,carry_forward,
2024/10/12,311,2024/9/11,https://www.ctia.com.cn/news/110441.html,carry_forward,
2024/10/14,311,2024/9/11,https://www.ctia.com.cn/news/110441.html,carry_forward,
2024/10/15,311,2024/10/15,https://www.ctia.com.cn/news/111380.html,reported,
2024/10/16,311,2024/10/15,https://www.ctia.com.cn/news/111380.html,carry_forward,
2024/10/17,311,2024/10/15,https://www.ctia.com.cn/news/111380.html,carry_forward,
2024/10/18,311,2024/10/15,https://www.ctia.com.cn/news/111380.html,carry_forward,
2024/10/19,311,2024/10/15,https://www.ctia.com.cn/news/111380.html,carry_forward,
2024/10/21,311,2024/10/21,https://www.ctia.com.cn/news/111580.html,reported,
2024/10/22,311,2024/10/21,https://www.ctia.com.cn/news/111580.html,carry_forward,
2024/10/23,311,2024/10/21,https://www.ctia.com.cn/news/111580.html,carry_forward,
2024/10/24,311,2024/10/21,https://www.ctia.com.cn/news/111580.html,carry_forward,
2024/10/25,311,2024/10/25,https://www.ctia.com.cn/news/111763.html,reported,
2024/10/26,311,2024/10/25,https://www.ctia.com.cn/news/111763.html,carry_forward,
2024/10/28,311,2024/10/25,https://www.ctia.com.cn/news/111763.html,carry_forward,
2024/10/29,311,2024/10/25,https://www.ctia.com.cn/news/111763.html,carry_forward,
2024/10/30,311,2024/10/25,https://www.ctia.com.cn/news/111763.html,carry_forward,
2024/10/31,311,2024/10/25,https://www.ctia.com.cn/news/111763.html,carry_forward,
2024/11/1,312,2024/11/1,https://www.ctia.com.cn/news/112053.html,reported,
2024/11/2,312,2024/11/1,https://www.ctia.com.cn/news/112053.html,carry_forward,
2024/11/4,312,2024/11/1,https://www.ctia.com.cn/news/112053.html,carry_forward,
2024/11/5,312,2024/11/1,https://www.ctia.com.cn/news/112053.html,carry_forward,
2024/11/6,312,2024/11/1,https://www.ctia.com.cn/news/112053.html,carry_forward,
2024/11/7,312,2024/11/1,https://www.ctia.com.cn/news/112053.html,carry_forward,
2024/11/8,312,2024/11/1,https://www.ctia.com.cn/news/112053.html,carry_forward,
2024/11/9,312,2024/11/1,https://www.ctia.com.cn/news/112053.html,carry_forward,
2024/11/11,315,2024/11/11,https://www.ctia.com.cn/news/112326.html,reported,
2024/11/12,316,2024/11/12,https://www.ctia.com.cn/news/112366.html,reported,
2024/11/13,316,2024/11/12,https://www.ctia.com.cn/news/112366.html,carry_forward,
2024/11/14,316,2024/11/14,https://www.ctia.com.cn/news/112443.html,reported,
2024/11/15,316,2024/11/15,https://www.ctia.com.cn/news/112515.html,reported,
2024/11/16,316,2024/11/15,https://www.ctia.com.cn/news/112515.html,carry_forward,
2024/11/18,316,2024/11/15,https://www.ctia.com.cn/news/112515.html,carry_forward,
2024/11/19,316,2024/11/15,https://www.ctia.com.cn/news/112515.html,carry_forward,
2024/11/20,317,2024/11/20,https://www.ctia.com.cn/news/112666.html,reported,
2024/11/21,317,2024/11/20,https://www.ctia.com.cn/news/112666.html,carry_forward,
2024/11/22,317,2024/11/20,https://www.ctia.com.cn/news/112666.html,carry_forward,
2024/11/23,317,2024/11/20,https://www.ctia.com.cn/news/112666.html,carry_forward,
2024/11/25,319,2024/11/25,https://www.ctia.com.cn/news/112795.html,reported,
2024/11/26,319,2024/11/25,https://www.ctia.com.cn/news/112795.html,carry_forward,
2024/11/27,319,2024/11/27,https://www.ctia.com.cn/news/112853.html,reported,
2024/11/28,319,2024/11/27,https://www.ctia.com.cn/news/112853.html,carry_forward,
2024/11/29,319,2024/11/27,https://www.ctia.com.cn/news/112853.html,carry_forward,
2024/11/30,319,2024/11/27,https://www.ctia.com.cn/news/112853.html,carry_forward,
2024/12/2,318,2024/12/2,https://www.ctia.com.cn/news/113076.html,reported,
2024/12/3,318,2024/12/2,https://www.ctia.com.cn/news/113076.html,carry_forward,
2024/12/4,318,2024/12/2,https://www.ctia.com.cn/news/113076.html,carry_forward,
2024/12/5,318,2024/12/2,https://www.ctia.com.cn/news/113076.html,carry_forward,
2024/12/6,318,2024/12/2,https://www.ctia.com.cn/news/113076.html,carry_forward,
2024/12/7,318,2024/12/2,https://www.ctia.com.cn/news/113076.html,carry_forward,
2024/12/9,318,2024/12/2,https://www.ctia.com.cn/news/113076.html,carry_forward,
2024/12/10,318,2024/12/2,https://www.ctia.com.cn/news/113076.html,carry_forward,
2024/12/11,318,2024/12/2,https://www.ctia.com.cn/news/113076.html,carry_forward,
2024/12/12,318,2024/12/2,https://www.ctia.com.cn/news/113076.html,carry_forward,
2024/12/13,318,2024/12/2,https://www.ctia.com.cn/news/113076.html,carry_forward,
2024/12/14,318,2024/12/2,https://www.ctia.com.cn/news/113076.html,carry_forward,
2024/12/16,318,2024/12/2,https://www.ctia.com.cn/news/113076.html,carry_forward,
2024/12/17,318,2024/12/2,https://www.ctia.com.cn/news/113076.html,carry_forward,
2024/12/18,318,2024/12/2,https://www.ctia.com.cn/news/113076.html,carry_forward,
2024/12/19,318,2024/12/2,https://www.ctia.com.cn/news/113076.html,carry_forward,
2024/12/20,316,2024/12/20,https://ctia.net.cn/news/tungsten/1853.html,reported,
2024/12/21,316,2024/12/20,https://ctia.net.cn/news/tungsten/1853.html,carry_forward,
2024/12/23,316,2024/12/20,https://ctia.net.cn/news/tungsten/1853.html,carry_forward,
2024/12/24,316,2024/12/20,https://ctia.net.cn/news/tungsten/1853.html,carry_forward,
2024/12/25,316,2024/12/20,https://ctia.net.cn/news/tungsten/1853.html,carry_forward,
2024/12/26,316,2024/12/20,https://ctia.net.cn/news/tungsten/1853.html,carry_forward,
2024/12/27,316,2024/12/20,https://ctia.net.cn/news/tungsten/1853.html,carry_forward,
2024/12/28,316,2024/12/20,https://ctia.net.cn/news/tungsten/1853.html,carry_forward,
2024/12/30,316,2024/12/20,https://ctia.net.cn/news/tungsten/1853.html,carry_forward,
2024/12/31,316,2024/12/20,https://ctia.net.cn/news/tungsten/1853.html,carry_forward,
2025/1/2,316,2024/12/20,https://ctia.net.cn/news/tungsten/1853.html,carry_forward,
2025/1/3,316,2024/12/20,https://ctia.net.cn/news/tungsten/1853.html,carry_forward,
2025/1/4,316,2024/12/20,https://ctia.net.cn/news/tungsten/1853.html,carry_forward,
2025/1/6,316,2024/12/20,https://ctia.net.cn/news/tungsten/1853.html,carry_forward,
2025/1/7,316,2024/12/20,https://ctia.net.cn/news/tungsten/1853.html,carry_forward,
2025/1/8,316,2024/12/20,https://ctia.net.cn/news/tungsten/1853.html,carry_forward,
2025/1/9,316,2024/12/20,https://ctia.net.cn/news/tungsten/1853.html,carry_forward,
2025/1/10,316,2024/12/20,https://ctia.net.cn/news/tungsten/1853.html,carry_forward,
2025/1/11,316,2024/12/20,https://ctia.net.cn/news/tungsten/1853.html,carry_forward,
2025/1/13,316,2024/12/20,https://ctia.net.cn/news/tungsten/1853.html,carry_forward,
2025/1/14,318,2025/1/14,https://www.ctia.com.cn/news/114553.html,reported,
2025/1/15,318,2025/1/15,https://www.ctia.com.cn/news/114576.html,reported,
2025/1/16,318,2025/1/15,https://www.ctia.com.cn/news/114576.html,carry_forward,
2025/1/17,318,2025/1/17,https://www.ctia.com.cn/news/114652.html,reported,
2025/1/18,318,2025/1/17,https://www.ctia.com.cn/news/114652.html,carry_forward,
2025/1/20,318,2025/1/20,https://www.ctia.com.cn/news/114703.html,reported,
2025/1/21,318,2025/1/20,https://www.ctia.com.cn/news/114703.html,carry_forward,
2025/1/22,318,2025/1/20,https://www.ctia.com.cn/news/114703.html,carry_forward,
2025/1/23,320,2025/1/23,https://www.ctia.com.cn/news/114853.html,reported,
2025/1/24,320,2025/1/24,https://www.ctia.com.cn/news/114865.html,reported,
2025/1/25,320,2025/1/24,https://www.ctia.com.cn/news/114865.html,carry_forward,
2025/1/27,320,2025/1/24,https://www.ctia.com.cn/news/114865.html,carry_forward,
2025/1/28,320,2025/1/24,https://www.ctia.com.cn/news/114865.html,carry_forward,
2025/1/29,320,2025/1/24,https://www.ctia.com.cn/news/114865.html,carry_forward,
2025/1/30,320,2025/1/24,https://www.ctia.com.cn/news/114865.html,carry_forward,
2025/1/31,320,2025/1/24,https://www.ctia.com.cn/news/114865.html,carry_forward,
2025/2/3,320,2025/1/24,https://www.ctia.com.cn/news/114865.html,carry_forward,
2025/2/4,320,2025/1/24,https://www.ctia.com.cn/news/114865.html,carry_forward,
2025/2/5,320,2025/1/24,https://www.ctia.com.cn/news/114865.html,carry_forward,
2025/2/6,320,2025/1/24,https://www.ctia.com.cn/news/114865.html,carry_forward,
2025/2/7,320,2025/2/7,https://www.ctia.com.cn/news/115049.html,reported,
2025/2/8,320,2025/2/7,https://www.ctia.com.cn/news/115049.html,carry_forward,
2025/2/10,320,2025/2/7,https://www.ctia.com.cn/news/115049.html,carry_forward,
2025/2/11,320,2025/2/7,https://www.ctia.com.cn/news/115049.html,carry_forward,
2025/2/12,320,2025/2/7,https://www.ctia.com.cn/news/115049.html,carry_forward,
2025/2/13,320,2025/2/7,https://www.ctia.com.cn/news/115049.html,carry_forward,
2025/2/14,320,2025/2/7,https://www.ctia.com.cn/news/115049.html,carry_forward,
2025/2/15,320,2025/2/7,https://www.ctia.com.cn/news/115049.html,carry_forward,
2025/2/17,320,2025/2/7,https://www.ctia.com.cn/news/115049.html,carry_forward,
2025/2/18,320,2025/2/7,https://www.ctia.com.cn/news/115049.html,carry_forward,
2025/2/19,320,2025/2/7,https://www.ctia.com.cn/news/115049.html,carry_forward,
2025/2/20,318,2025/2/20,https://www.ctia.com.cn/news/115508.html,reported,
2025/2/21,318,2025/2/20,https://www.ctia.com.cn/news/115508.html,carry_forward,
2025/2/22,318,2025/2/20,https://www.ctia.com.cn/news/115508.html,carry_forward,
2025/2/24,318,2025/2/20,https://www.ctia.com.cn/news/115508.html,carry_forward,
2025/2/25,318,2025/2/20,https://www.ctia.com.cn/news/115508.html,carry_forward,
2025/2/26,318,2025/2/20,https://www.ctia.com.cn/news/115508.html,carry_forward,
2025/2/27,317,2025/2/27,https://www.ctia.com.cn/news/115755.html,reported,
2025/2/28,317,2025/2/27,https://www.ctia.com.cn/news/115755.html,carry_forward,
2025/3/1,317,2025/2/27,https://www.ctia.com.cn/news/115755.html,carry_forward,
2025/3/3,317,2025/2/27,https://www.ctia.com.cn/news/115755.html,carry_forward,
2025/3/4,317,2025/2/27,https://www.ctia.com.cn/news/115755.html,carry_forward,
2025/3/5,315,2025/3/5,https://www.ctia.com.cn/news/115992.html,reported,
2025/3/6,315,2025/3/5,https://www.ctia.com.cn/news/115992.html,carry_forward,
2025/3/7,315,2025/3/5,https://www.ctia.com.cn/news/115992.html,carry_forward,
2025/3/8,315,2025/3/5,https://www.ctia.com.cn/news/115992.html,carry_forward,
2025/3/10,315,2025/3/5,https://www.ctia.com.cn/news/115992.html,carry_forward,
2025/3/11,315,2025/3/5,https://www.ctia.com.cn/news/115992.html,carry_forward,
2025/3/12,315,2025/3/5,https://www.ctia.com.cn/news/115992.html,carry_forward,
2025/3/13,315,2025/3/5,https://www.ctia.com.cn/news/115992.html,carry_forward,
2025/3/14,315,2025/3/5,https://www.ctia.com.cn/news/115992.html,carry_forward,
2025/3/15,315,2025/3/5,https://www.ctia.com.cn/news/115992.html,carry_forward,
2025/3/17,315,2025/3/5,https://www.ctia.com.cn/news/115992.html,carry_forward,
2025/3/18,312,2025/3/18,https://www.ctia.com.cn/news/116404.html,reported,
2025/3/19,312,2025/3/18,https://www.ctia.com.cn/news/116404.html,carry_forward,
2025/3/20,312,2025/3/18,https://www.ctia.com.cn/news/116404.html,carry_forward,
2025/3/21,312,2025/3/18,https://www.ctia.com.cn/news/116404.html,carry_forward,
2025/3/22,312,2025/3/18,https://www.ctia.com.cn/news/116404.html,carry_forward,
2025/3/24,312,2025/3/18,https://www.ctia.com.cn/news/116404.html,carry_forward,
2025/3/25,312,2025/3/18,https://www.ctia.com.cn/news/116404.html,carry_forward,
2025/3/26,312,2025/3/18,https://www.ctia.com.cn/news/116404.html,carry_forward,
2025/3/27,313,2025/3/27,https://www.ctia.com.cn/news/116820.html,reported,
2025/3/28,313,2025/3/27,https://www.ctia.com.cn/news/116820.html,carry_forward,
2025/3/29,313,2025/3/27,https://www.ctia.com.cn/news/116820.html,carry_forward,
2025/3/31,313,2025/3/27,https://www.ctia.com.cn/news/116820.html,carry_forward,
2025/4/1,313,2025/3/27,https://www.ctia.com.cn/news/116820.html,carry_forward,
2025/4/2,315,2025/4/2,https://www.ctia.com.cn/news/116958.html,reported,
2025/4/3,315,2025/4/2,https://www.ctia.com.cn/news/116958.html,carry_forward,
2025/4/4,315,2025/4/2,https://www.ctia.com.cn/news/116958.html,carry_forward,
2025/4/5,315,2025/4/2,https://www.ctia.com.cn/news/116958.html,carry_forward,
2025/4/7,315,2025/4/2,https://www.ctia.com.cn/news/116958.html,carry_forward,
2025/4/8,315,2025/4/2,https://www.ctia.com.cn/news/116958.html,carry_forward,
2025/4/9,315,2025/4/2,https://www.ctia.com.cn/news/116958.html,carry_forward,
2025/4/10,315,2025/4/2,https://www.ctia.com.cn/news/116958.html,carry_forward,
2025/4/11,315,2025/4/2,https://www.ctia.com.cn/news/116958.html,carry_forward,
2025/4/12,315,2025/4/2,https://www.ctia.com.cn/news/116958.html,carry_forward,
2025/4/14,315,2025/4/2,https://www.ctia.com.cn/news/116958.html,carry_forward,
2025/4/15,315,2025/4/2,https://www.ctia.com.cn/news/116958.html,carry_forward,
2025/4/16,315,2025/4/2,https://www.ctia.com.cn/news/116958.html,carry_forward,
2025/4/17,319,2025/4/17,https://www.ctia.com.cn/news/117597.html,reported,
2025/4/18,319,2025/4/17,https://www.ctia.com.cn/news/117597.html,carry_forward,
2025/4/19,319,2025/4/17,https://www.ctia.com.cn/news/117597.html,carry_forward,
2025/4/21,319,2025/4/17,https://www.ctia.com.cn/news/117597.html,carry_forward,
2025/4/22,319,2025/4/17,https://www.ctia.com.cn/news/117597.html,carry_forward,
2025/4/23,319,2025/4/17,https://www.ctia.com.cn/news/117597.html,carry_forward,
2025/4/24,319,2025/4/17,https://www.ctia.com.cn/news/117597.html,carry_forward,
2025/4/25,319,2025/4/17,https://www.ctia.com.cn/news/117597.html,carry_forward,
2025/4/26,319,2025/4/17,https://www.ctia.com.cn/news/117597.html,carry_forward,
2025/4/28,326,2025/4/27,https://www.ctia.com.cn/news/117909.html,carry_forward,
2025/4/29,326,2025/4/27,https://www.ctia.com.cn/news/117909.html,carry_forward,
2025/4/30,326,2025/4/27,https://www.ctia.com.cn/news/117909.html,carry_forward,
2025/5/1,326,2025/4/27,https://www.ctia.com.cn/news/117909.html,carry_forward,
2025/5/2,326,2025/4/27,https://www.ctia.com.cn/news/117909.html,carry_forward,
2025/5/3,326,2025/4/27,https://www.ctia.com.cn/news/117909.html,carry_forward,
2025/5/5,326,2025/4/27,https://www.ctia.com.cn/news/117909.html,carry_forward,
2025/5/6,326,2025/4/27,https://www.ctia.com.cn/news/117909.html,carry_forward,
2025/5/7,326,2025/4/27,https://www.ctia.com.cn/news/117909.html,carry_forward,
2025/5/8,326,2025/4/27,https://www.ctia.com.cn/news/117909.html,carry_forward,
2025/5/9,326,2025/4/27,https://www.ctia.com.cn/news/117909.html,carry_forward,
2025/5/10,326,2025/4/27,https://www.ctia.com.cn/news/117909.html,carry_forward,
2025/5/12,326,2025/4/27,https://www.ctia.com.cn/news/117909.html,carry_forward,
2025/5/13,326,2025/4/27,https://www.ctia.com.cn/news/117909.html,carry_forward,
2025/5/14,326,2025/4/27,https://www.ctia.com.cn/news/117909.html,carry_forward,
2025/5/15,348,2025/5/15,https://www.ctia.com.cn/news/118494.html,reported,
2025/5/16,348,2025/5/15,https://www.ctia.com.cn/news/118494.html,carry_forward,
2025/5/17,348,2025/5/15,https://www.ctia.com.cn/news/118494.html,carry_forward,
2025/5/19,348,2025/5/15,https://www.ctia.com.cn/news/118494.html,carry_forward,
2025/5/20,348,2025/5/15,https://www.ctia.com.cn/news/118494.html,carry_forward,
2025/5/21,348,2025/5/15,https://www.ctia.com.cn/news/118494.html,carry_forward,
2025/5/22,348,2025/5/15,https://www.ctia.com.cn/news/118494.html,carry_forward,
2025/5/23,348,2025/5/15,https://www.ctia.com.cn/news/118494.html,carry_forward,
2025/5/24,348,2025/5/15,https://www.ctia.com.cn/news/118494.html,carry_forward,
2025/5/26,360,2025/5/26,https://www.ctia.com.cn/news/118742.html,reported,
2025/5/27,360,2025/5/26,https://www.ctia.com.cn/news/118742.html,carry_forward,
2025/5/28,360,2025/5/26,https://www.ctia.com.cn/news/118742.html,carry_forward,
2025/5/29,366,2025/5/29,https://www.ctia.com.cn/news/118933.html,reported,
2025/5/30,366,2025/5/29,https://www.ctia.com.cn/news/118933.html,carry_forward,
2025/5/31,366,2025/5/29,https://www.ctia.com.cn/news/118933.html,carry_forward,
2025/6/2,366,2025/5/29,https://www.ctia.com.cn/news/118933.html,carry_forward,
2025/6/3,370,2025/6/3,https://www.ctia.com.cn/news/119034.html,reported,
2025/6/4,372,2025/6/4,https://www.ctia.com.cn/news/119111.html,reported,
2025/6/5,372,2025/6/4,https://www.ctia.com.cn/news/119111.html,carry_forward,
2025/6/6,372,2025/6/4,https://www.ctia.com.cn/news/119111.html,carry_forward,
2025/6/7,372,2025/6/4,https://www.ctia.com.cn/news/119111.html,carry_forward,
2025/6/9,378,2025/6/9,https://www.ctia.com.cn/news/119384.html,reported,
2025/6/10,378,2025/6/9,https://www.ctia.com.cn/news/119384.html,carry_forward,
2025/6/11,378,2025/6/9,https://www.ctia.com.cn/news/119384.html,carry_forward,
2025/6/12,378,2025/6/9,https://www.ctia.com.cn/news/119384.html,carry_forward,
2025/6/13,378,2025/6/9,https://www.ctia.com.cn/news/119384.html,carry_forward,
2025/6/14,378,2025/6/9,https://www.ctia.com.cn/news/119384.html,carry_forward,
2025/6/16,378,2025/6/9,https://www.ctia.com.cn/news/119384.html,carry_forward,
2025/6/17,378,2025/6/9,https://www.ctia.com.cn/news/119384.html,carry_forward,
2025/6/18,378,2025/6/9,https://www.ctia.com.cn/news/119384.html,carry_forward,
2025/6/19,378,2025/6/9,https://www.ctia.com.cn/news/119384.html,carry_forward,
2025/6/20,378,2025/6/9,https://www.ctia.com.cn/news/119384.html,carry_forward,
2025/6/21,378,2025/6/9,https://www.ctia.com.cn/news/119384.html,carry_forward,
2025/6/23,378,2025/6/9,https://www.ctia.com.cn/news/119384.html,carry_forward,
2025/6/24,378,2025/6/9,https://www.ctia.com.cn/news/119384.html,carry_forward,
2025/6/25,378,2025/6/9,https://www.ctia.com.cn/news/119384.html,carry_forward,
2025/6/26,378,2025/6/9,https://www.ctia.com.cn/news/119384.html,carry_forward,
2025/6/27,378,2025/6/9,https://www.ctia.com.cn/news/119384.html,carry_forward,
2025/6/28,378,2025/6/9,https://www.ctia.com.cn/news/119384.html,carry_forward,
2025/6/30,378,2025/6/9,https://www.ctia.com.cn/news/119384.html,carry_forward,
2025/7/1,378,2025/6/9,https://www.ctia.com.cn/news/119384.html,carry_forward,
2025/7/2,378,2025/6/9,https://www.ctia.com.cn/news/119384.html,carry_forward,
2025/7/3,378,2025/6/9,https://www.ctia.com.cn/news/119384.html,carry_forward,
2025/7/4,378,2025/6/9,https://www.ctia.com.cn/news/119384.html,carry_forward,
2025/7/5,378,2025/6/9,https://www.ctia.com.cn/news/119384.html,carry_forward,
2025/7/7,378,2025/6/9,https://www.ctia.com.cn/news/119384.html,carry_forward,
2025/7/8,378,2025/6/9,https://www.ctia.com.cn/news/119384.html,carry_forward,
2025/7/9,381,2025/7/9,https://www.ctia.com.cn/news/120466.html,reported,
2025/7/10,381,2025/7/9,https://www.ctia.com.cn/news/120466.html,carry_forward,
2025/7/11,381,2025/7/9,https://www.ctia.com.cn/news/120466.html,carry_forward,
2025/7/12,381,2025/7/9,https://www.ctia.com.cn/news/120466.html,carry_forward,
2025/7/14,381,2025/7/9,https://www.ctia.com.cn/news/120466.html,carry_forward,
2025/7/15,381,2025/7/9,https://www.ctia.com.cn/news/120466.html,carry_forward,
2025/7/16,381,2025/7/9,https://www.ctia.com.cn/news/120466.html,carry_forward,
2025/7/17,381,2025/7/9,https://www.ctia.com.cn/news/120466.html,carry_forward,
2025/7/18,381,2025/7/9,https://www.ctia.com.cn/news/120466.html,carry_forward,
2025/7/19,381,2025/7/9,https://www.ctia.com.cn/news/120466.html,carry_forward,
2025/7/21,381,2025/7/9,https://www.ctia.com.cn/news/120466.html,carry_forward,
2025/7/22,381,2025/7/9,https://www.ctia.com.cn/news/120466.html,carry_forward,
2025/7/23,381,2025/7/9,https://www.ctia.com.cn/news/120466.html,carry_forward,
2025/7/24,381,2025/7/9,https://www.ctia.com.cn/news/120466.html,carry_forward,
2025/7/25,381,2025/7/9,https://www.ctia.com.cn/news/120466.html,carry_forward,
2025/7/26,381,2025/7/9,https://www.ctia.com.cn/news/120466.html,carry_forward,
2025/7/28,381,2025/7/9,https://www.ctia.com.cn/news/120466.html,carry_forward,
2025/7/29,381,2025/7/9,https://www.ctia.com.cn/news/120466.html,carry_forward,
2025/7/30,430,2025/7/30,https://www.ctia.com.cn/news/121075.html,reported,
2025/7/31,430,2025/7/30,https://www.ctia.com.cn/news/121075.html,carry_forward,
2025/8/1,430,2025/7/30,https://www.ctia.com.cn/news/121075.html,carry_forward,
2025/8/2,430,2025/7/30,https://www.ctia.com.cn/news/121075.html,carry_forward,
2025/8/4,430,2025/7/30,https://www.ctia.com.cn/news/121075.html,carry_forward,
2025/8/5,430,2025/7/30,https://www.ctia.com.cn/news/121075.html,carry_forward,
2025/8/6,430,2025/7/30,https://www.ctia.com.cn/news/121075.html,carry_forward,
2025/8/7,430,2025/7/30,https://www.ctia.com.cn/news/121075.html,carry_forward,
2025/8/8,430,2025/7/30,https://www.ctia.com.cn/news/121075.html,carry_forward,
2025/8/9,430,2025/7/30,https://www.ctia.com.cn/news/121075.html,carry_forward,
2025/8/11,430,2025/7/30,https://www.ctia.com.cn/news/121075.html,carry_forward,
2025/8/12,438,2025/8/12,https://www.ctia.com.cn/news/121540.html,reported,
2025/8/13,438,2025/8/12,https://www.ctia.com.cn/news/121540.html,carry_forward,
2025/8/14,445,2025/8/14,https://www.ctia.com.cn/news/121790.html,reported,
2025/8/15,445,2025/8/14,https://www.ctia.com.cn/news/121790.html,carry_forward,
2025/8/16,445,2025/8/14,https://www.ctia.com.cn/news/121790.html,carry_forward,
2025/8/18,445,2025/8/14,https://www.ctia.com.cn/news/121790.html,carry_forward,
2025/8/19,445,2025/8/14,https://www.ctia.com.cn/news/121790.html,carry_forward,
2025/8/20,445,2025/8/14,https://www.ctia.com.cn/news/121790.html,carry_forward,
2025/8/21,485,2025/8/21,https://www.ctia.com.cn/news/121880.html,reported,
2025/8/22,485,2025/8/21,https://www.ctia.com.cn/news/121880.html,carry_forward,
2025/8/23,485,2025/8/21,https://www.ctia.com.cn/news/121880.html,carry_forward,
2025/8/25,485,2025/8/21,https://www.ctia.com.cn/news/121880.html,carry_forward,
2025/8/26,485,2025/8/21,https://www.ctia.com.cn/news/121880.html,carry_forward,
2025/8/27,485,2025/8/21,https://www.ctia.com.cn/news/121880.html,carry_forward,
2025/8/28,570,2025/8/28,https://www.ctia.com.cn/news/122055.html,reported,
2025/8/29,570,2025/8/28,https://www.ctia.com.cn/news/122055.html,carry_forward,
2025/8/30,570,2025/8/28,https://www.ctia.com.cn/news/122055.html,carry_forward,
2025/9/1,570,2025/8/28,https://www.ctia.com.cn/news/122055.html,carry_forward,
2025/9/2,615,2025/9/2,https://www.ctia.com.cn/news/122132.html,reported,
2025/9/3,615,2025/9/2,https://www.ctia.com.cn/news/122132.html,carry_forward,
2025/9/4,615,2025/9/2,https://www.ctia.com.cn/news/122132.html,carry_forward,
2025/9/5,615,2025/9/2,https://www.ctia.com.cn/news/122132.html,carry_forward,
2025/9/6,615,2025/9/2,https://www.ctia.com.cn/news/122132.html,carry_forward,
2025/9/8,640,2025/9/8,https://www.ctia.com.cn/news/122313.html,reported,
2025/9/9,640,2025/9/8,https://www.ctia.com.cn/news/122313.html,carry_forward,
2025/9/10,640,2025/9/8,https://www.ctia.com.cn/news/122313.html,carry_forward,
2025/9/11,640,2025/9/8,https://www.ctia.com.cn/news/122313.html,carry_forward,
2025/9/12,640,2025/9/8,https://www.ctia.com.cn/news/122313.html,carry_forward,
2025/9/13,640,2025/9/8,https://www.ctia.com.cn/news/122313.html,carry_forward,
2025/9/15,640,2025/9/8,https://www.ctia.com.cn/news/122313.html,carry_forward,
2025/9/16,640,2025/9/8,https://www.ctia.com.cn/news/122313.html,carry_forward,
2025/9/17,640,2025/9/8,https://www.ctia.com.cn/news/122313.html,carry_forward,
2025/9/18,640,2025/9/8,https://www.ctia.com.cn/news/122313.html,carry_forward,
2025/9/19,640,2025/9/8,https://www.ctia.com.cn/news/122313.html,carry_forward,
2025/9/20,640,2025/9/8,https://www.ctia.com.cn/news/122313.html,carry_forward,
2025/9/22,640,2025/9/8,https://www.ctia.com.cn/news/122313.html,carry_forward,
2025/9/23,620,2025/9/23,https://www.ctia.com.cn/news/122886.html,reported,backsolved from high pullback and year-to-date gain context
2025/9/24,620,2025/9/23,https://www.ctia.com.cn/news/122886.html,carry_forward,backsolved from high pullback and year-to-date gain context
2025/9/25,620,2025/9/23,https://www.ctia.com.cn/news/122886.html,carry_forward,backsolved from high pullback and year-to-date gain context
2025/9/26,620,2025/9/23,https://www.ctia.com.cn/news/122886.html,carry_forward,backsolved from high pullback and year-to-date gain context
2025/9/27,620,2025/9/23,https://www.ctia.com.cn/news/122886.html,carry_forward,backsolved from high pullback and year-to-date gain context
2025/9/29,620,2025/9/23,https://www.ctia.com.cn/news/122886.html,carry_forward,backsolved from high pullback and year-to-date gain context
2025/9/30,620,2025/9/23,https://www.ctia.com.cn/news/122886.html,carry_forward,backsolved from high pullback and year-to-date gain context
2025/10/1,620,2025/9/23,https://www.ctia.com.cn/news/122886.html,carry_forward,backsolved from high pullback and year-to-date gain context
2025/10/2,620,2025/9/23,https://www.ctia.com.cn/news/122886.html,carry_forward,backsolved from high pullback and year-to-date gain context
2025/10/3,620,2025/9/23,https://www.ctia.com.cn/news/122886.html,carry_forward,backsolved from high pullback and year-to-date gain context
2025/10/4,620,2025/9/23,https://www.ctia.com.cn/news/122886.html,carry_forward,backsolved from high pullback and year-to-date gain context
2025/10/6,620,2025/9/23,https://www.ctia.com.cn/news/122886.html,carry_forward,backsolved from high pullback and year-to-date gain context
2025/10/7,620,2025/9/23,https://www.ctia.com.cn/news/122886.html,carry_forward,backsolved from high pullback and year-to-date gain context
2025/10/8,620,2025/9/23,https://www.ctia.com.cn/news/122886.html,carry_forward,backsolved from high pullback and year-to-date gain context
2025/10/9,620,2025/9/23,https://www.ctia.com.cn/news/122886.html,carry_forward,backsolved from high pullback and year-to-date gain context
2025/10/10,620,2025/9/23,https://www.ctia.com.cn/news/122886.html,carry_forward,backsolved from high pullback and year-to-date gain context
2025/10/11,625,2025/10/11,https://www.ctia.com.cn/news/123189.html,reported,
2025/10/13,625,2025/10/11,https://www.ctia.com.cn/news/123189.html,carry_forward,
2025/10/14,625,2025/10/11,https://www.ctia.com.cn/news/123189.html,carry_forward,
2025/10/15,625,2025/10/11,https://www.ctia.com.cn/news/123189.html,carry_forward,
2025/10/16,625,2025/10/11,https://www.ctia.com.cn/news/123189.html,carry_forward,
2025/10/17,625,2025/10/11,https://www.ctia.com.cn/news/123189.html,carry_forward,
2025/10/18,625,2025/10/11,https://www.ctia.com.cn/news/123189.html,carry_forward,
2025/10/20,625,2025/10/11,https://www.ctia.com.cn/news/123189.html,carry_forward,
2025/10/21,625,2025/10/11,https://www.ctia.com.cn/news/123189.html,carry_forward,
2025/10/22,625,2025/10/11,https://www.ctia.com.cn/news/123189.html,carry_forward,
2025/10/23,625,2025/10/11,https://www.ctia.com.cn/news/123189.html,carry_forward,
2025/10/24,625,2025/10/11,https://www.ctia.com.cn/news/123189.html,carry_forward,
2025/10/25,625,2025/10/11,https://www.ctia.com.cn/news/123189.html,carry_forward,
2025/10/27,625,2025/10/11,https://www.ctia.com.cn/news/123189.html,carry_forward,
2025/10/28,625,2025/10/11,https://www.ctia.com.cn/news/123189.html,carry_forward,
2025/10/29,625,2025/10/11,https://www.ctia.com.cn/news/123189.html,carry_forward,
2025/10/30,650,2025/10/30,https://www.ctia.com.cn/news/123829.html,reported,
2025/10/31,650,2025/10/30,https://www.ctia.com.cn/news/123829.html,carry_forward,
2025/11/1,650,2025/10/30,https://www.ctia.com.cn/news/123829.html,carry_forward,
2025/11/3,650,2025/10/30,https://www.ctia.com.cn/news/123829.html,carry_forward,
2025/11/4,650,2025/10/30,https://www.ctia.com.cn/news/123829.html,carry_forward,
2025/11/5,650,2025/10/30,https://www.ctia.com.cn/news/123829.html,carry_forward,
2025/11/6,650,2025/10/30,https://www.ctia.com.cn/news/123829.html,carry_forward,
2025/11/7,650,2025/10/30,https://www.ctia.com.cn/news/123829.html,carry_forward,
2025/11/8,650,2025/10/30,https://www.ctia.com.cn/news/123829.html,carry_forward,
2025/11/10,650,2025/10/30,https://www.ctia.com.cn/news/123829.html,carry_forward,
2025/11/11,650,2025/10/30,https://www.ctia.com.cn/news/123829.html,carry_forward,
2025/11/12,650,2025/10/30,https://www.ctia.com.cn/news/123829.html,carry_forward,
2025/11/13,650,2025/10/30,https://www.ctia.com.cn/news/123829.html,carry_forward,
2025/11/14,650,2025/10/30,https://www.ctia.com.cn/news/123829.html,carry_forward,
2025/11/15,650,2025/10/30,https://www.ctia.com.cn/news/123829.html,carry_forward,
2025/11/17,650,2025/10/30,https://www.ctia.com.cn/news/123829.html,carry_forward,
2025/11/18,650,2025/10/30,https://www.ctia.com.cn/news/123829.html,carry_forward,
2025/11/19,770,2025/11/19,https://www.ctia.com.cn/news/124623.html,reported,
2025/11/20,770,2025/11/19,https://www.ctia.com.cn/news/124623.html,carry_forward,
2025/11/21,770,2025/11/19,https://www.ctia.com.cn/news/124623.html,carry_forward,
2025/11/22,770,2025/11/19,https://www.ctia.com.cn/news/124623.html,carry_forward,
2025/11/24,770,2025/11/19,https://www.ctia.com.cn/news/124623.html,carry_forward,
2025/11/25,770,2025/11/19,https://www.ctia.com.cn/news/124623.html,carry_forward,
2025/11/26,770,2025/11/19,https://www.ctia.com.cn/news/124623.html,carry_forward,
2025/11/27,790,2025/11/27,https://www.ctia.com.cn/news/124798.html,reported,
2025/11/28,790,2025/11/27,https://www.ctia.com.cn/news/124798.html,carry_forward,
2025/11/29,790,2025/11/27,https://www.ctia.com.cn/news/124798.html,carry_forward,
2025/12/1,790,2025/11/27,https://www.ctia.com.cn/news/124798.html,carry_forward,
2025/12/2,790,2025/11/27,https://www.ctia.com.cn/news/124798.html,carry_forward,
2025/12/3,790,2025/11/27,https://www.ctia.com.cn/news/124798.html,carry_forward,
2025/12/4,790,2025/11/27,https://www.ctia.com.cn/news/124798.html,carry_forward,
2025/12/5,790,2025/11/27,https://www.ctia.com.cn/news/124798.html,carry_forward,
2025/12/6,790,2025/11/27,https://www.ctia.com.cn/news/124798.html,carry_forward,
2025/12/8,840,2025/12/8,https://www.ctia.com.cn/news/125069.html,reported,
2025/12/9,840,2025/12/8,https://www.ctia.com.cn/news/125069.html,carry_forward,
2025/12/10,840,2025/12/8,https://www.ctia.com.cn/news/125069.html,carry_forward,
2025/12/11,840,2025/12/8,https://www.ctia.com.cn/news/125069.html,carry_forward,
2025/12/12,840,2025/12/8,https://www.ctia.com.cn/news/125069.html,carry_forward,
2025/12/13,840,2025/12/8,https://www.ctia.com.cn/news/125069.html,carry_forward,
2025/12/15,840,2025/12/8,https://www.ctia.com.cn/news/125069.html,carry_forward,
2025/12/16,840,2025/12/8,https://www.ctia.com.cn/news/125069.html,carry_forward,
2025/12/17,840,2025/12/8,https://www.ctia.com.cn/news/125069.html,carry_forward,
2025/12/18,840,2025/12/8,https://www.ctia.com.cn/news/125069.html,carry_forward,
2025/12/19,840,2025/12/8,https://www.ctia.com.cn/news/125069.html,carry_forward,
2025/12/20,840,2025/12/8,https://www.ctia.com.cn/news/125069.html,carry_forward,
2025/12/22,840,2025/12/8,https://www.ctia.com.cn/news/125069.html,carry_forward,
2025/12/23,1080,2025/12/23,https://www.ctia.com.cn/news/125660.html,reported,
2025/12/24,1080,2025/12/23,https://www.ctia.com.cn/news/125660.html,carry_forward,
2025/12/25,1080,2025/12/23,https://www.ctia.com.cn/news/125660.html,carry_forward,
2025/12/26,1080,2025/12/23,https://www.ctia.com.cn/news/125660.html,carry_forward,
2025/12/27,1080,2025/12/23,https://www.ctia.com.cn/news/125660.html,carry_forward,
2025/12/29,1080,2025/12/29,https://www.ctia.com.cn/news/125784.html,reported,
2025/12/30,1080,2025/12/29,https://www.ctia.com.cn/news/125784.html,carry_forward,
2025/12/31,1080,2025/12/29,https://www.ctia.com.cn/news/125784.html,carry_forward,
2026/1/2,1080,2025/12/29,https://www.ctia.com.cn/news/125784.html,carry_forward,
2026/1/3,1080,2025/12/29,https://www.ctia.com.cn/news/125784.html,carry_forward,
2026/1/5,1080,2025/12/29,https://www.ctia.com.cn/news/125784.html,carry_forward,
2026/1/6,1100,2026/1/6,https://www.ctia.com.cn/news/126055.html,reported,
2026/1/7,1100,2026/1/6,https://www.ctia.com.cn/news/126055.html,carry_forward,
2026/1/8,1100,2026/1/6,https://www.ctia.com.cn/news/126055.html,carry_forward,
2026/1/9,1150,2026/1/9,https://www.ctia.com.cn/news/126232.html,reported,115 wan CNY/tonne normalized
2026/1/10,1150,2026/1/9,https://www.ctia.com.cn/news/126232.html,carry_forward,115 wan CNY/tonne normalized
2026/1/12,1150,2026/1/9,https://www.ctia.com.cn/news/126232.html,carry_forward,115 wan CNY/tonne normalized
2026/1/13,1170,2026/1/13,https://www.ctia.com.cn/news/126311.html,reported,
2026/1/14,1190,2026/1/14,https://www.ctia.com.cn/news/126330.html,reported,
2026/1/15,1190,2026/1/14,https://www.ctia.com.cn/news/126330.html,carry_forward,
2026/1/16,1210,2026/1/16,https://www.ctia.com.cn/news/126563.html,reported,
2026/1/17,1210,2026/1/16,https://www.ctia.com.cn/news/126563.html,carry_forward,
2026/1/19,1210,2026/1/16,https://www.ctia.com.cn/news/126563.html,carry_forward,
2026/1/20,1210,2026/1/16,https://www.ctia.com.cn/news/126563.html,carry_forward,
2026/1/21,1240,2026/1/21,https://www.ctia.com.cn/news/126863.html,reported,
2026/1/22,1240,2026/1/21,https://www.ctia.com.cn/news/126863.html,carry_forward,
2026/1/23,1270,2026/1/23,https://www.ctia.com.cn/news/126887.html,reported,
2026/1/24,1270,2026/1/23,https://www.ctia.com.cn/news/126887.html,carry_forward,
2026/1/26,1270,2026/1/23,https://www.ctia.com.cn/news/126887.html,carry_forward,
2026/1/27,1270,2026/1/23,https://www.ctia.com.cn/news/126887.html,carry_forward,
2026/1/28,1270,2026/1/23,https://www.ctia.com.cn/news/126887.html,carry_forward,
2026/1/29,1270,2026/1/23,https://www.ctia.com.cn/news/126887.html,carry_forward,
2026/1/30,1480,2026/1/30,https://www.ctia.com.cn/news/127143.html,reported,148 wan CNY/tonne normalized
2026/1/31,1480,2026/1/30,https://www.ctia.com.cn/news/127143.html,carry_forward,148 wan CNY/tonne normalized
2026/2/1,1480,2026/1/30,https://www.ctia.com.cn/news/127143.html,carry_forward,148 wan CNY/tonne normalized
2026/2/2,1480,2026/1/30,https://www.ctia.com.cn/news/127143.html,carry_forward,148 wan CNY/tonne normalized
2026/2/3,1480,2026/1/30,https://www.ctia.com.cn/news/127143.html,carry_forward,148 wan CNY/tonne normalized
2026/2/4,1480,2026/1/30,https://www.ctia.com.cn/news/127143.html,carry_forward,148 wan CNY/tonne normalized
2026/2/5,1480,2026/1/30,https://www.ctia.com.cn/news/127143.html,carry_forward,148 wan CNY/tonne normalized
2026/2/6,1480,2026/1/30,https://www.ctia.com.cn/news/127143.html,carry_forward,148 wan CNY/tonne normalized
2026/2/7,1480,2026/1/30,https://www.ctia.com.cn/news/127143.html,carry_forward,148 wan CNY/tonne normalized
2026/2/8,1480,2026/1/30,https://www.ctia.com.cn/news/127143.html,carry_forward,148 wan CNY/tonne normalized
2026/2/9,1480,2026/1/30,https://www.ctia.com.cn/news/127143.html,carry_forward,148 wan CNY/tonne normalized
2026/2/10,1700,2026/2/10,https://www.ctia.com.cn/news/127360.html,reported,
2026/2/11,1700,2026/2/10,https://www.ctia.com.cn/news/127360.html,carry_forward,
2026/2/12,1700,2026/2/10,https://www.ctia.com.cn/news/127360.html,carry_forward,
2026/2/13,1700,2026/2/10,https://www.ctia.com.cn/news/127360.html,carry_forward,
2026/2/14,1700,2026/2/10,https://www.ctia.com.cn/news/127360.html,carry_forward,
2026/2/15,1700,2026/2/10,https://www.ctia.com.cn/news/127360.html,carry_forward,
2026/2/16,1700,2026/2/10,https://www.ctia.com.cn/news/127360.html,carry_forward,
2026/2/17,1700,2026/2/10,https://www.ctia.com.cn/news/127360.html,carry_forward,
2026/2/18,1700,2026/2/10,https://www.ctia.com.cn/news/127360.html,carry_forward,
2026/2/19,1700,2026/2/10,https://www.ctia.com.cn/news/127360.html,carry_forward,
2026/2/20,1700,2026/2/10,https://www.ctia.com.cn/news/127360.html,carry_forward,
2026/2/22,1700,2026/2/10,https://www.ctia.com.cn/news/127360.html,carry_forward,
2026/2/23,1700,2026/2/10,https://www.ctia.com.cn/news/127360.html,carry_forward,
2026/2/24,1700,2026/2/10,https://www.ctia.com.cn/news/127360.html,carry_forward,
2026/2/25,1700,2026/2/10,https://www.ctia.com.cn/news/127360.html,carry_forward,
2026/2/26,1700,2026/2/10,https://www.ctia.com.cn/news/127360.html,carry_forward,
2026/2/27,1880,2026/2/27,https://www.ctia.com.cn/news/127673.html,reported,
2026/2/28,1880,2026/2/27,https://www.ctia.com.cn/news/127673.html,carry_forward,
2026/3/1,1880,2026/2/27,https://www.ctia.com.cn/news/127673.html,carry_forward,
2026/3/2,1880,2026/2/27,https://www.ctia.com.cn/news/127673.html,carry_forward,
2026/3/3,1880,2026/2/27,https://www.ctia.com.cn/news/127673.html,carry_forward,
2026/3/4,1880,2026/2/27,https://www.ctia.com.cn/news/127673.html,carry_forward,
2026/3/5,1880,2026/2/27,https://www.ctia.com.cn/news/127673.html,carry_forward,
2026/3/6,1880,2026/2/27,https://www.ctia.com.cn/news/127673.html,carry_forward,
2026/3/7,1880,2026/2/27,https://www.ctia.com.cn/news/127673.html,carry_forward,
2026/3/8,1880,2026/2/27,https://www.ctia.com.cn/news/127673.html,carry_forward,
2026/3/9,2210,2026/3/9,https://www.ctia.com.cn/news/127998.html,reported,
2026/3/10,2210,2026/3/9,https://www.ctia.com.cn/news/127998.html,carry_forward,
2026/3/11,2210,2026/3/9,https://www.ctia.com.cn/news/127998.html,carry_forward,
2026/3/12,2400,2026/3/12,https://www.ctia.com.cn/news/128118.html,reported,
2026/3/13,2400,2026/3/12,https://www.ctia.com.cn/news/128118.html,carry_forward,
2026/3/14,2400,2026/3/12,https://www.ctia.com.cn/news/128118.html,carry_forward,
2026/3/15,2400,2026/3/12,https://www.ctia.com.cn/news/128118.html,carry_forward,
2026/3/16,2400,2026/3/12,https://www.ctia.com.cn/news/128118.html,carry_forward,
2026/3/17,2400,2026/3/12,https://www.ctia.com.cn/news/128118.html,carry_forward,
2026/3/18,2400,2026/3/12,https://www.ctia.com.cn/news/128118.html,carry_forward,
2026/3/19,2400,2026/3/12,https://www.ctia.com.cn/news/128118.html,carry_forward,
2026/3/20,2400,2026/3/12,https://www.ctia.com.cn/news/128118.html,carry_forward,
2026/3/21,2400,2026/3/12,https://www.ctia.com.cn/news/128118.html,carry_forward,
2026/3/22,2400,2026/3/12,https://www.ctia.com.cn/news/128118.html,carry_forward,
2026/3/23,2400,2026/3/12,https://www.ctia.com.cn/news/128118.html,carry_forward,
2026/3/24,2400,2026/3/12,https://www.ctia.com.cn/news/128118.html,carry_forward,
